name_only,img_urls,img_files,address_only
Swarovski,https://www.timessquarenyc.org/sites/default/files/styles/location_teaser/public/Shopping_Swarovski_1a.jpg?itok=H9wUjLyk,sitesdefaultfilesstyleslocationteaserpublicshoppingswarovski1a.jpg,"1565 Broadway, NY"
Citizen Watch,https://www.timessquarenyc.org/sites/default/files/styles/location_teaser/public/Shopping_CitizenWatch1.jpg?itok=UWCdlPPy,sitesdefaultfilesstyleslocationteaserpublicshoppingcitizenwatch1.jpg,"1500 Broadway, NY"
Hershey's Chocolate World,https://www.timessquarenyc.org/sites/default/files/styles/location_teaser/public/Shopping_Hershey%27s_1.jpg?itok=1FcxPuTT,sitesdefaultfilesstyleslocationteaserpublicshoppinghershey27s1.jpg,"701 Seventh Ave, NY"
Swatch,https://www.timessquarenyc.org/sites/default/files/styles/location_teaser/public/Swatch_1.jpeg?itok=9N_3pJ5i,sitesdefaultfilesstyleslocationteaserpublicswatch1.jpeg,"1535 Broadway, NY"
Aldo Shoes,https://www.timessquarenyc.org/sites/default/files/styles/location_teaser/public/Aldo_1.jpeg?itok=lSs5OuMR,sitesdefaultfilesstyleslocationteaserpublicaldo1.jpeg,"218 W 42nd St, NY"
M.A.C Cosmetics,https://www.timessquarenyc.org/sites/default/files/styles/location_teaser/public/Retail_MAC1-compressor.jpg?itok=_1J1wil7,sitesdefaultfilesstyleslocationteaserpublicretailmac1compressor.jpg,"1540 Broadway, NY"
Kiko Milano,https://www.timessquarenyc.org/sites/default/files/styles/location_teaser/public/Shopping_Kiko_1.jpg?itok=NbW8AesN,sitesdefaultfilesstyleslocationteaserpublicshoppingkiko1.jpg,"1515 Broadway, NY"
Martinique Jewelers,https://www.timessquarenyc.org/sites/default/files/styles/location_teaser/public/Retail_MartiniqueJewelers_1-compressor.jpg?itok=S8scHBpT,sitesdefaultfilesstyleslocationteaserpublicretailmartiniquejewelers1compressor.jpg,"750 Seventh Ave, NY"
Inglot,https://www.timessquarenyc.org/sites/default/files/styles/location_teaser/public/Shopping_Inglot1.jpg?itok=N63h8_to,sitesdefaultfilesstyleslocationteaserpublicshoppinginglot1.jpg,"1592 Broadway, NY"
M&M's World,https://www.timessquarenyc.org/sites/default/files/styles/location_teaser/public/Retail_MMWorld_1.jpg?itok=tpsX7rqi,sitesdefaultfilesstyleslocationteaserpublicretailmmworld1.jpg,"1600 Broadway, NY"
Old Navy,https://www.timessquarenyc.org/sites/default/files/styles/location_teaser/public/OldNavy_1.jpg?itok=TJ1S90n6,sitesdefaultfilesstyleslocationteaserpublicoldnavy1.jpg,"1516 Broadway, NY"
Gap,https://www.timessquarenyc.org/sites/default/files/styles/location_teaser/public/Gap_1.jpg?itok=xQvhyF0J,sitesdefaultfilesstyleslocationteaserpublicgap1.jpg,"1514 Broadway, NY"
Superdry,https://www.timessquarenyc.org/sites/default/files/styles/location_teaser/public/SuperDry_1.jpg?itok=cSbHF7a5,sitesdefaultfilesstyleslocationteaserpublicsuperdry1.jpg,"729 Seventh Ave, NY"
H&M,https://www.timessquarenyc.org/sites/default/files/styles/location_teaser/public/H%2526M_1.jpeg?itok=5MqiCpdt,sitesdefaultfilesstyleslocationteaserpublich2526m1.jpeg,"1472 Broadway, NY"
LOFT (Ann Taylor),https://www.timessquarenyc.org/sites/default/files/styles/location_teaser/public/Loft_1.jpeg?itok=wUVAMyAG,sitesdefaultfilesstyleslocationteaserpublicloft1.jpeg,"7 Times Sq, NY"
Muji,https://www.timessquarenyc.org/sites/default/files/styles/location_teaser/public/Muji_1.jpeg?itok=QFf_3uY2,sitesdefaultfilesstyleslocationteaserpublicmuji1.jpeg,"620 Eighth Ave, NY"
American Eagle Outfitters,https://www.timessquarenyc.org/sites/default/files/styles/location_teaser/public/AmericanEagle_1.jpg?itok=CVlqkxX2,sitesdefaultfilesstyleslocationteaserpublicamericaneagle1.jpg,"1551 Broadway, NY"
Fossil,https://www.timessquarenyc.org/sites/default/files/styles/location_teaser/public/Shopping_Fossil1.jpg?itok=LI6uMkyn,sitesdefaultfilesstyleslocationteaserpublicshoppingfossil1.jpg,"1585 Broadway, NY"
Forever 21,https://www.timessquarenyc.org/sites/default/files/styles/location_teaser/public/Retail_Forever21-compressor.jpg?itok=DA75AtXs,sitesdefaultfilesstyleslocationteaserpublicretailforever21compressor.jpg,"1540 Broadway, NY"
8th Avenue Gift Shop,https://www.timessquarenyc.org/sites/default/files/styles/location_teaser/public/Shopping_8th_Ave_Gifts_1_DannyPerez.jpg?itok=p2LUNrYT,sitesdefaultfilesstyleslocationteaserpublicshopping8thavegifts1dannyperez.jpg,"692 Eighth Ave, NY"
Arabian Oud,https://www.timessquarenyc.org/sites/default/files/styles/location_teaser/public/Shopping_Arabian_Oud_1_DannyPerez.jpg?itok=x0LpdmBF,sitesdefaultfilesstyleslocationteaserpublicshoppingarabianoud1dannyperez.jpg,"1584 Broadway, NY"
AT&T,https://www.timessquarenyc.org/sites/default/files/styles/location_teaser/public/Shopping_AT%2526T_1_DannyPerez.jpg?itok=lY5E4aBr,sitesdefaultfilesstyleslocationteaserpublicshoppingat2526t1dannyperez.jpg,"3 Times Sq, NY"
Bank of America,https://www.timessquarenyc.org/sites/default/files/styles/location_teaser/public/externals/c838f56d99d8dc315edf87db33cdd432.jpg?itok=mXGCc_OE,sitesdefaultfilesstyleslocationteaserpublicexternalsc838f56d99d8dc315edf87db33cdd432.jpg,"835 Eighth Ave, NY"
"Capezio/BalletMakers, Inc.",https://www.timessquarenyc.org/sites/default/files/styles/location_teaser/public/Shopping_Capezio_Ballet_Makers_Inc_1_DannyPerez.jpg?itok=ypCL5QON,sitesdefaultfilesstyleslocationteaserpublicshoppingcapezioballetmakersinc1dannyperez.jpg,"1650 Broadway, NY"
Central Parking System - SP Plus Corp,https://www.timessquarenyc.org/sites/default/files/styles/location_teaser/public/externals/c838f56d99d8dc315edf87db33cdd432.jpg?itok=mXGCc_OE,sitesdefaultfilesstyleslocationteaserpublicexternalsc838f56d99d8dc315edf87db33cdd432.jpg,"135 W 50th St, NY"
Charles Tyrwhitt,https://www.timessquarenyc.org/sites/default/files/styles/location_teaser/public/Retail_CharlesTyrwhitt_1.jpg?itok=bfddkJPj,sitesdefaultfilesstyleslocationteaserpublicretailcharlestyrwhitt1.jpg,"745 Seventh Ave, NY"
Chase Bank,https://www.timessquarenyc.org/sites/default/files/styles/location_teaser/public/Shopping_Chase_3_Times_Square_1_DannyPerez.jpg?itok=oZeZZUV-,sitesdefaultfilesstyleslocationteaserpublicshoppingchase3timessquare1dannyperez.jpg,"3 Times Sq, NY"
Chase Bank,https://www.timessquarenyc.org/sites/default/files/styles/location_teaser/public/Shopping_Chase_Bank_810_Seventh_Ave_1_DannyPerez.jpg?itok=76DD3Kgl,sitesdefaultfilesstyleslocationteaserpublicshoppingchasebank810seventhave1dannyperez.jpg,"810 Seventh Ave, NY"
Christmas in New York,https://www.timessquarenyc.org/sites/default/files/styles/location_teaser/public/Shopping_Its_Always_Christmas_In_New_York_1600_Broadway_1_DannyPerez.jpg?itok=1P0wSxpc,sitesdefaultfilesstyleslocationteaserpublicshoppingitsalwayschristmasinnewyork1600broadway1dannyperez.jpg,"1602 Broadway, NY"
Christmas in New York - Broadway,https://www.timessquarenyc.org/sites/default/files/styles/location_teaser/public/Shopping_Christmas_In_New_York_1656_Broadway_1_DannyPerez.jpg?itok=WtK4nRdJ,sitesdefaultfilesstyleslocationteaserpublicshoppingchristmasinnewyork1656broadway1dannyperez.jpg,"1656 Broadway, NY"
Christmas in New York ? the Manhattan Hotel at Midtown,https://www.timessquarenyc.org/sites/default/files/styles/location_teaser/public/Shopping_Christmas_In_New_York_At_Manhattan_Hotel_1_DannyPerez.jpg?itok=nGMyZ-TJ,sitesdefaultfilesstyleslocationteaserpublicshoppingchristmasinnewyorkatmanhattanhotel1dannyperez.jpg,"730 Seventh Ave, NY"
Citibank,https://www.timessquarenyc.org/sites/default/files/styles/location_teaser/public/Shopping_Citi_Bank_1_DannyPerez.jpg?itok=Ra-bJ_pt,sitesdefaultfilesstyleslocationteaserpublicshoppingcitibank1dannyperez.jpg,"787 Seventh Ave, NY"
CoverGirl,https://www.timessquarenyc.org/sites/default/files/styles/location_teaser/public/Shopping_CoverGirl_1.jpg?itok=S7ekR8Xd,sitesdefaultfilesstyleslocationteaserpublicshoppingcovergirl1.jpg,"719 Seventh Ave, NY"
CVS,https://www.timessquarenyc.org/sites/default/files/styles/location_teaser/public/Shopping-CVS-1619-Broadway.jpg?itok=OQkKNcNC,sitesdefaultfilesstyleslocationteaserpublicshoppingcvs1619broadway.jpg,"1619 Broadway, NY"
Cyc Fitness,https://www.timessquarenyc.org/sites/default/files/styles/location_teaser/public/Shopping_CYC_Fitness_1_DannyPerez.jpg?itok=aNlkUkv2,sitesdefaultfilesstyleslocationteaserpublicshoppingcycfitness1dannyperez.jpg,"700 Eighth Ave, NY"
Digital Cameras & Computers,https://www.timessquarenyc.org/sites/default/files/styles/location_teaser/public/Shopping_Digital_Camera_%2526_Computers_1_DannyPerez.jpg?itok=T4Pa1ERX,sitesdefaultfilesstyleslocationteaserpublicshoppingdigitalcamera2526computers1dannyperez.jpg,"1550 Broadway, NY"
Disney Store,https://www.timessquarenyc.org/sites/default/files/styles/location_teaser/public/Disney%2BStore_1.jpg?itok=7NSVeUPQ,sitesdefaultfilesstyleslocationteaserpublicdisney2bstore1.jpg,"1540 Broadway, NY"
Duane Reade,https://www.timessquarenyc.org/sites/default/files/styles/location_teaser/public/Shopping_Duane_Reade_771_Eighth_Ave_1_DannyPerez.jpg?itok=TNEpVLLD,sitesdefaultfilesstyleslocationteaserpublicshoppingduanereade771eighthave1dannyperez.jpg,"771 Eighth Ave, NY"
Duane Reade,https://www.timessquarenyc.org/sites/default/files/styles/location_teaser/public/Shopping_Duane_Reade_1627_Broadway_1_DannyPerez.jpg?itok=IlVquhMt,sitesdefaultfilesstyleslocationteaserpublicshoppingduanereade1627broadway1dannyperez.jpg,"1627 Broadway, NY"
Duane Reade,https://www.timessquarenyc.org/sites/default/files/styles/location_teaser/public/Shopping_Duane_Reade_Reade_1657_Broadway_1_DannyPerez.jpg?itok=mWHVWUDR,sitesdefaultfilesstyleslocationteaserpublicshoppingduanereadereade1657broadway1dannyperez.jpg,"1657 Broadway, NY"
Duane Reade,https://www.timessquarenyc.org/sites/default/files/styles/location_teaser/public/Shopping_Duane_Reade_1627_Broadway_1_DannyPerez.jpg?itok=IlVquhMt,sitesdefaultfilesstyleslocationteaserpublicshoppingduanereade1627broadway1dannyperez.jpg,"1627 Broadway, NY"
Duane Reade by Walgreen,https://www.timessquarenyc.org/sites/default/files/styles/location_teaser/public/Shopping-Duane-Reade-1530-Broadway.jpg?itok=VPYK-ZLh,sitesdefaultfilesstyleslocationteaserpublicshoppingduanereade1530broadway.jpg,"1530 Broadway, NY"
E C Professional Video Inc.,https://www.timessquarenyc.org/sites/default/files/styles/location_teaser/public/Shopping_E%2BC%2BProfessional%2BVideo%2BInc.jpg?itok=As1Ulxo8,sitesdefaultfilesstyleslocationteaserpublicshoppinge2bc2bprofessional2bvideo2binc.jpg,"253 W 51st St, NY"
Equinox,https://www.timessquarenyc.org/sites/default/files/styles/location_teaser/public/Shopping_Equinox_1_DannyPerez.jpg?itok=_cOatbw_,sitesdefaultfilesstyleslocationteaserpublicshoppingequinox1dannyperez.jpg,"1633 Broadway, NY"
Eve Beauty Source,https://www.timessquarenyc.org/sites/default/files/styles/location_teaser/public/Shopping_Eve_Beauty_Source_2_DannyPerez.jpg?itok=pjEQSpaT,sitesdefaultfilesstyleslocationteaserpublicshoppingevebeautysource2dannyperez.jpg,"778 Eighth Ave, NY"
Express,https://www.timessquarenyc.org/sites/default/files/styles/location_teaser/public/Express_1-compressor.jpg?itok=MldGA0gx,sitesdefaultfilesstyleslocationteaserpublicexpress1compressor.jpg,"1552 Broadway, NY"
FedEx,https://www.timessquarenyc.org/sites/default/files/styles/location_teaser/public/externals/c838f56d99d8dc315edf87db33cdd432.jpg?itok=mXGCc_OE,sitesdefaultfilesstyleslocationteaserpublicexternalsc838f56d99d8dc315edf87db33cdd432.jpg,"811 Seventh Ave, NY"
Foot Locker,https://www.timessquarenyc.org/sites/default/files/styles/location_teaser/public/FootLocker_1.jpeg?itok=SO453XYj,sitesdefaultfilesstyleslocationteaserpublicfootlocker1.jpeg,"1460 Broadway, NY"
Gift and Luggage,https://www.timessquarenyc.org/sites/default/files/styles/location_teaser/public/externals/c838f56d99d8dc315edf87db33cdd432.jpg?itok=mXGCc_OE,sitesdefaultfilesstyleslocationteaserpublicexternalsc838f56d99d8dc315edf87db33cdd432.jpg,"797 Eighth Ave, NY"
Gift Expressions,https://www.timessquarenyc.org/sites/default/files/styles/location_teaser/public/Shopping_Gift_Expressions_1_DannyPerez.jpg?itok=pNRA8sb-,sitesdefaultfilesstyleslocationteaserpublicshoppinggiftexpressions1dannyperez.jpg,"730 Eighth Ave, NY"
Gifts and Luggage,https://www.timessquarenyc.org/sites/default/files/styles/location_teaser/public/Shopping_Gifts_%2526_Luggage_1630_Broadway_1_DannyPerez.jpg?itok=hj_G7deY,sitesdefaultfilesstyleslocationteaserpublicshoppinggifts2526luggage1630broadway1dannyperez.jpg,"1634 Broadway, NY"
Gifts and Luggage,https://www.timessquarenyc.org/sites/default/files/styles/location_teaser/public/Shopping-Gifts-Luggage-1634-Broadway.jpg?itok=j0HGkpNi,sitesdefaultfilesstyleslocationteaserpublicshoppinggiftsluggage1634broadway.jpg,"1634 Broadway, NY"
Gifts and Luggage,https://www.timessquarenyc.org/sites/default/files/styles/location_teaser/public/externals/c838f56d99d8dc315edf87db33cdd432.jpg?itok=mXGCc_OE,sitesdefaultfilesstyleslocationteaserpublicexternalsc838f56d99d8dc315edf87db33cdd432.jpg,"797 Eighth Ave, NY"
Gifts and Luggage,https://www.timessquarenyc.org/sites/default/files/styles/location_teaser/public/Shopping_Gifts_%2526_Luggage_799_Eighth_Ave_1_DannyPerez.jpg?itok=MxCz6UbL,sitesdefaultfilesstyleslocationteaserpublicshoppinggifts2526luggage799eighthave1dannyperez.jpg,"799 Eighth Ave, NY"
Gifts I Love NY Luggage,https://www.timessquarenyc.org/sites/default/files/styles/location_teaser/public/Shopping_Gifts_ILOVENY_Luggage_685_Eighth_Ave_1_DannyPerez.jpg?itok=cpTF7AkR,sitesdefaultfilesstyleslocationteaserpublicshoppinggiftsilovenyluggage685eighthave1dannyperez.jpg,"685 Eighth Ave, NY"
Gifts On The Square,https://www.timessquarenyc.org/sites/default/files/styles/location_teaser/public/Shopping_Gifts_On_The_Square_1_DannyPerez.jpg?itok=hunoTxiD,sitesdefaultfilesstyleslocationteaserpublicshoppinggiftsonthesquare1dannyperez.jpg,"736 Seventh Ave, NY"
GNC,https://www.timessquarenyc.org/sites/default/files/styles/location_teaser/public/GNC_1-compressor.jpg?itok=iPXNgGCS,sitesdefaultfilesstyleslocationteaserpublicgnc1compressor.jpg,"750 Seventh Ave, NY"
Grand Slam,https://www.timessquarenyc.org/sites/default/files/styles/location_teaser/public/Shopping_GrandSlam.jpg?itok=gJviy_R9,sitesdefaultfilesstyleslocationteaserpublicshoppinggrandslam.jpg,"1557 Broadway, NY"
Hamilton: The Store,https://www.timessquarenyc.org/sites/default/files/styles/location_teaser/public/HamiltonShop_1.jpg?itok=J0hxgwn4,sitesdefaultfilesstyleslocationteaserpublichamiltonshop1.jpg,"235 W 46th St, NY"
Happy Socks,https://www.timessquarenyc.org/sites/default/files/styles/location_teaser/public/Shopping_HappySocks_2_NataliaGoldstein.jpg?itok=3WfTTQxc,sitesdefaultfilesstyleslocationteaserpublicshoppinghappysocks2nataliagoldstein.jpg,"1588 Broadway, NY"
I Love NY Gifts,https://www.timessquarenyc.org/sites/default/files/styles/location_teaser/public/Shopping_ILOVENY_GIFTS_790_Seventh_Ave_1_DannyPerez.jpg?itok=bA9qCFGG,sitesdefaultfilesstyleslocationteaserpublicshoppingilovenygifts790seventhave1dannyperez.jpg,"790 Seventh Ave, NY"
I Love NY Gifts,https://www.timessquarenyc.org/sites/default/files/styles/location_teaser/public/Shopping_ILOVENY_GIFTS_1653_Broadway_1_DannyPerez.jpg?itok=4kx8bGoS,sitesdefaultfilesstyleslocationteaserpublicshoppingilovenygifts1653broadway1dannyperez.jpg,"1653 Broadway, NY"
I Love NY Gifts,https://www.timessquarenyc.org/sites/default/files/styles/location_teaser/public/Shopping_ILOVENY_GIFTS_1607_Broadway_1_DannyPerez.jpg?itok=SGiV-n0y,sitesdefaultfilesstyleslocationteaserpublicshoppingilovenygifts1607broadway1dannyperez.jpg,"1607 Broadway, NY"
I Love NY Gifts Luggage,https://www.timessquarenyc.org/sites/default/files/styles/location_teaser/public/Shopping_ILOVENY_GIFTS_LUGGAGE_780_Seventh_Ave_1_DannyPerez.jpg?itok=3ST0tKjJ,sitesdefaultfilesstyleslocationteaserpublicshoppingilovenygiftsluggage780seventhave1dannyperez.jpg,"780 Seventh Ave, NY"
I Luv Gifts,https://www.timessquarenyc.org/sites/default/files/styles/location_teaser/public/Shopping-I-Luv-Gifts-717-Seventh-Ave.jpg?itok=IjzsYgEt,sitesdefaultfilesstyleslocationteaserpublicshoppingiluvgifts717seventhave.jpg,"717 Seventh Ave, NY"
Invicta,https://www.timessquarenyc.org/sites/default/files/styles/location_teaser/public/Retail_Invicta1-compressor.jpg?itok=Wdf8ct5a,sitesdefaultfilesstyleslocationteaserpublicretailinvicta1compressor.jpg,"1535 Broadway, NY"
It's Always Christmas in New York,https://www.timessquarenyc.org/sites/default/files/styles/location_teaser/public/Shopping_Christmas_In_New_York_730_Seventh_Ave_1_DannyPerez.jpg?itok=K_eXgdsh,sitesdefaultfilesstyleslocationteaserpublicshoppingchristmasinnewyork730seventhave1dannyperez.jpg,"730 Seventh Ave, NY"
Jacks.,https://www.timessquarenyc.org/sites/default/files/styles/location_teaser/public/Shopping-Jacks-223-w-40th-St.jpg?itok=W9dz0r_P,sitesdefaultfilesstyleslocationteaserpublicshoppingjacks223w40thst.jpg,"223 W 40th St, NY"
JD Sports,https://www.timessquarenyc.org/sites/default/files/styles/location_teaser/public/Shopping-JD-Sport-6-TSq.jpg?itok=deq-J73o,sitesdefaultfilesstyleslocationteaserpublicshoppingjdsport6tsq.jpg,"6 Times Sq, NY"
Jon Baltimore Music Co Inc.,https://www.timessquarenyc.org/sites/default/files/styles/location_teaser/public/Jon-Baltimore-Instruments-compressor.jpg?itok=AI9G4zSu,sitesdefaultfilesstyleslocationteaserpublicjonbaltimoreinstrumentscompressor.jpg,"151 W 46th St, NY"
K & N Gifts,https://www.timessquarenyc.org/sites/default/files/styles/location_teaser/public/Shopping-KN-Gifts-1668-Broadway.jpg?itok=AyHf5Nnr,sitesdefaultfilesstyleslocationteaserpublicshoppingkngifts1668broadway.jpg,"1668 Broadway, NY"
Levi's Jeans at Times Square,https://www.timessquarenyc.org/sites/default/files/styles/location_teaser/public/Shopping_Levis_1.jpg?itok=pV203iWH,sitesdefaultfilesstyleslocationteaserpublicshoppinglevis1.jpg,"1535 Broadway, NY"
Lids,https://www.timessquarenyc.org/sites/default/files/styles/location_teaser/public/Shopping_Lids_710_Seventh_Ave_1_DannyPerez.jpg?itok=lMghUQiH,sitesdefaultfilesstyleslocationteaserpublicshoppinglids710seventhave1dannyperez.jpg,"710 Seventh Ave, NY"
Lids,https://www.timessquarenyc.org/sites/default/files/styles/location_teaser/public/Shopping_Lids_1_DannyPerez.jpg?itok=tly8p0vZ,sitesdefaultfilesstyleslocationteaserpublicshoppinglids1dannyperez.jpg,"1501 Broadway, NY"
Lids,https://www.timessquarenyc.org/sites/default/files/styles/location_teaser/public/Shopping_Lids_239-W-42nd-St.jpg?itok=1V4X4pyq,sitesdefaultfilesstyleslocationteaserpublicshoppinglids239w42ndst.jpg,"239 W 42nd St, NY"
Line Friends,https://www.timessquarenyc.org/sites/default/files/styles/location_teaser/public/LINE_1.jpg?itok=KeBRHhuG,sitesdefaultfilesstyleslocationteaserpublicline1.jpg,"1515 Broadway, NY"
Lucky One Spa,https://www.timessquarenyc.org/sites/default/files/styles/location_teaser/public/externals/c838f56d99d8dc315edf87db33cdd432.jpg?itok=mXGCc_OE,sitesdefaultfilesstyleslocationteaserpublicexternalsc838f56d99d8dc315edf87db33cdd432.jpg,"144 W 46th St, NY"
Luggage/ I Love My Gifts,https://www.timessquarenyc.org/sites/default/files/styles/location_teaser/public/Shopping_LUGGAGE_ILOVENY_GIFTS_729_Seventh_Ave_1_DannyPerez.jpg?itok=e7hea50b,sitesdefaultfilesstyleslocationteaserpublicshoppingluggageilovenygifts729seventhave1dannyperez.jpg,"729 Seventh Ave, NY"
M & T Bank,https://www.timessquarenyc.org/sites/default/files/styles/location_teaser/public/Shopping_M%2526T_Bank_830_Eighth_Ave_1_DannyPerez.jpg?itok=iEyoZl1A,sitesdefaultfilesstyleslocationteaserpublicshoppingm2526tbank830eighthave1dannyperez.jpg,"830 Eighth Ave, NY"
Mash Army & Navy Inc.,https://www.timessquarenyc.org/sites/default/files/styles/location_teaser/public/Shopping_MASH_Army_%2526_Navy_1_DannyPerez.jpg?itok=8e3dYzVI,sitesdefaultfilesstyleslocationteaserpublicshoppingmasharmy2526navy1dannyperez.jpg,"721 Eighth Ave, NY"
Men's Wearhouse,https://www.timessquarenyc.org/sites/default/files/styles/location_teaser/public/Shopping_Mens_Warehouse_1_DannyPerez.jpg?itok=geTjjqD5,sitesdefaultfilesstyleslocationteaserpublicshoppingmenswarehouse1dannyperez.jpg,"135 W 50th St, NY"
MPG Parking - MP West 52,https://www.timessquarenyc.org/sites/default/files/styles/location_teaser/public/externals/c838f56d99d8dc315edf87db33cdd432.jpg?itok=mXGCc_OE,sitesdefaultfilesstyleslocationteaserpublicexternalsc838f56d99d8dc315edf87db33cdd432.jpg,"265 W 52nd St, NY"
New York Souvenirs,https://www.timessquarenyc.org/sites/default/files/styles/location_teaser/public/Shopping_New_York_Souvenirs_1_DannyPerez.jpg?itok=T4bV3KUL,sitesdefaultfilesstyleslocationteaserpublicshoppingnewyorksouvenirs1dannyperez.jpg,"711 Seventh Ave, NY"
New York Sports Club,https://www.timessquarenyc.org/sites/default/files/styles/location_teaser/public/Shopping_New-York-Sports-Clubs_230-W-41st-St.jpg?itok=VO18N3Ew,sitesdefaultfilesstyleslocationteaserpublicshoppingnewyorksportsclubs230w41stst.jpg,"230 W 41st St, NY"
Newsstand,https://www.timessquarenyc.org/sites/default/files/styles/location_teaser/public/Shopping_NewsStand_2_DannyPerez.jpg?itok=XrrfXZsZ,sitesdefaultfilesstyleslocationteaserpublicshoppingnewsstand2dannyperez.jpg,"1585 Broadway, NY"
NY Gifts,https://www.timessquarenyc.org/sites/default/files/styles/location_teaser/public/Shopping_NY-Gifts_234-W-42nd-St.jpg?itok=wZiyaEgw,sitesdefaultfilesstyleslocationteaserpublicshoppingnygifts234w42ndst.jpg,"241 W 42nd St, NY"
NY Luggage Electronics,https://www.timessquarenyc.org/sites/default/files/styles/location_teaser/public/Shopping_NY_Luggage_Electronics_1_DannyPerez.jpg?itok=BxbNUzb7,sitesdefaultfilesstyleslocationteaserpublicshoppingnyluggageelectronics1dannyperez.jpg,"694 Eighth Ave, NY"
NYC Gift,https://www.timessquarenyc.org/sites/default/files/styles/location_teaser/public/Shopping_NYC_Gift_767_Eighth_Ave_2_DannyPerez.jpg?itok=Dpt4dQl6,sitesdefaultfilesstyleslocationteaserpublicshoppingnycgift767eighthave2dannyperez.jpg,"767 Eighth Ave, NY"
Oakley/Ray-Ban,https://www.timessquarenyc.org/sites/default/files/styles/location_teaser/public/Shopping_Oakley_Ray_Ban_1_DannyPerez.jpg?itok=rsQ5tujL,sitesdefaultfilesstyleslocationteaserpublicshoppingoakleyrayban1dannyperez.jpg,"1515 Broadway, NY"
OMG - The Jeans Store,https://www.timessquarenyc.org/sites/default/files/styles/location_teaser/public/Shopping_OMG_The_Jean_Store_2_DannyPerez.jpg?itok=xkp4fu8Y,sitesdefaultfilesstyleslocationteaserpublicshoppingomgthejeanstore2dannyperez.jpg,"1658 Broadway, NY"
Pel√© Soccer,https://www.timessquarenyc.org/sites/default/files/styles/location_teaser/public/Shopping_PeleSoccer_interior1.jpg?itok=JMdcDI7-,sitesdefaultfilesstyleslocationteaserpublicshoppingpelesoccerinterior1.jpg,"1560 Broadway, NY"
"Playland Gifts I, Inc.",https://www.timessquarenyc.org/sites/default/files/styles/location_teaser/public/Shopping_Playland_Gifts_One_1_DannyPerez.jpg?itok=zMMVS_qk,sitesdefaultfilesstyleslocationteaserpublicshoppingplaylandgiftsone1dannyperez.jpg,"711 Seventh Ave, NY"
Reidy Wine & Liquor Inc,https://www.timessquarenyc.org/sites/default/files/styles/location_teaser/public/Shopping_Wine_and_Liquors_1_DannyPerez.jpg?itok=icBARfBR,sitesdefaultfilesstyleslocationteaserpublicshoppingwineandliquors1dannyperez.jpg,"762 Eighth Ave, NY"
Rhone,https://www.timessquarenyc.org/sites/default/files/styles/location_teaser/public/upmidtown.jpg?itok=igy44PKu,sitesdefaultfilesstyleslocationteaserpublicupmidtown.jpg,"1585 Broadway, NY"
Rite Aid,https://www.timessquarenyc.org/sites/default/files/styles/location_teaser/public/Shopping_Rite_Aid_1_DannyPerez.jpg?itok=sz_tVWIC,sitesdefaultfilesstyleslocationteaserpublicshoppingriteaid1dannyperez.jpg,"301 W 50th St, NY"
Roberto's Winds,https://www.timessquarenyc.org/sites/default/files/styles/location_teaser/public/Shopping_RobertosWinds_1.jpg?itok=nVFQih45,sitesdefaultfilesstyleslocationteaserpublicshoppingrobertoswinds1.jpg,"149 West 46th Street, NY"
Seasons A Floral Design Studio,https://www.timessquarenyc.org/sites/default/files/styles/location_teaser/public/Shopping_Seasons_A_Floral_Design_Studio_1_DannyPerez.jpg?itok=07EuKmEy,sitesdefaultfilesstyleslocationteaserpublicshoppingseasonsafloraldesignstudio1dannyperez.jpg,"888 Eighth Ave, NY"
Sephora,https://www.timessquarenyc.org/sites/default/files/styles/location_teaser/public/Sephora_1.jpg?itok=6cBeh0Yj,sitesdefaultfilesstyleslocationteaserpublicsephora1.jpg,"1535 Broadway, NY"
Sheraton Fitness,https://www.timessquarenyc.org/sites/default/files/styles/location_teaser/public/externals/c838f56d99d8dc315edf87db33cdd432.jpg?itok=mXGCc_OE,sitesdefaultfilesstyleslocationteaserpublicexternalsc838f56d99d8dc315edf87db33cdd432.jpg,"811 Seventh Ave, NY"
Sheraton Gift Shop,https://www.timessquarenyc.org/sites/default/files/styles/location_teaser/public/externals/c838f56d99d8dc315edf87db33cdd432.jpg?itok=mXGCc_OE,sitesdefaultfilesstyleslocationteaserpublicexternalsc838f56d99d8dc315edf87db33cdd432.jpg,"811 Seventh Ave, NY"
Skechers,https://www.timessquarenyc.org/sites/default/files/styles/location_teaser/public/Shopping_Skechers_2_DannyPerez.jpg?itok=LiPgV9Ve,sitesdefaultfilesstyleslocationteaserpublicshoppingskechers2dannyperez.jpg,"1515 Broadway, NY"
Steve Madden,https://www.timessquarenyc.org/sites/default/files/styles/location_teaser/public/Shopping_SteveMadden_1.jpg?itok=L1uMsF1C,sitesdefaultfilesstyleslocationteaserpublicshoppingstevemadden1.jpg,"3 Times Square, NY"
Strand Kiosk (TSQ MKT),https://www.timessquarenyc.org/sites/default/files/styles/location_teaser/public/Retail_Strand_1_ChelseaLipman.jpg?itok=mirGQ3Mx,sitesdefaultfilesstyleslocationteaserpublicretailstrand1chelsealipman.jpg,"Broadway & 43rd Street, NY"
Sunglass Hut,https://www.timessquarenyc.org/sites/default/files/styles/location_teaser/public/SunglassesHut_1.jpeg?itok=miXXH63t,sitesdefaultfilesstyleslocationteaserpublicsunglasseshut1.jpeg,"1540 Broadway, NY"
Super Runners Shop,https://www.timessquarenyc.org/sites/default/files/styles/location_teaser/public/SuperRunners_1.jpeg?itok=_PnIqafi,sitesdefaultfilesstyleslocationteaserpublicsuperrunners1.jpeg,"745 Seventh Ave, NY"
T-Mobile,https://www.timessquarenyc.org/sites/default/files/styles/location_teaser/public/Shopping_TMobile_1.jpg?itok=el8J8R6p,sitesdefaultfilesstyleslocationteaserpublicshoppingtmobile1.jpg,"1535 Broadway, NY"
T-Mobile New York,https://www.timessquarenyc.org/sites/default/files/styles/location_teaser/public/Shopping_TMobile_869_Eighth_Ave_2_DannyPerez.jpg?itok=Og6gNxCE,sitesdefaultfilesstyleslocationteaserpublicshoppingtmobile869eighthave2dannyperez.jpg,"869 Eighth Ave, NY"
TD Bank,https://www.timessquarenyc.org/sites/default/files/styles/location_teaser/public/Shopping_TD_Bank_1_DannyPerez.jpg?itok=gOxSluyL,sitesdefaultfilesstyleslocationteaserpublicshoppingtdbank1dannyperez.jpg,"1633 Broadway, NY"
Theater Circle Gifts,https://www.timessquarenyc.org/sites/default/files/styles/location_teaser/public/Shopping_Theatre_Circle_1_DannyPerez.jpg?itok=kJ4D2cbC,sitesdefaultfilesstyleslocationteaserpublicshoppingtheatrecircle1dannyperez.jpg,"268 W 44th St, NY"
Times Square Gift Shop,https://www.timessquarenyc.org/sites/default/files/styles/location_teaser/public/Shopping_Times_Square_Gift_Shop_1_DannyPerez.jpg?itok=KPaapDlz,sitesdefaultfilesstyleslocationteaserpublicshoppingtimessquaregiftshop1dannyperez.jpg,"165 W 48th St, NY"
Timothy John's Salon,https://www.timessquarenyc.org/sites/default/files/styles/location_teaser/public/externals/c838f56d99d8dc315edf87db33cdd432.jpg?itok=mXGCc_OE,sitesdefaultfilesstyleslocationteaserpublicexternalsc838f56d99d8dc315edf87db33cdd432.jpg,"888 Eighth Ave, NY"
Tissot,https://www.timessquarenyc.org/sites/default/files/styles/location_teaser/public/Tissot_1.jpg?itok=HSdtGwVo,sitesdefaultfilesstyleslocationteaserpublictissot1.jpg,"1515 Broadway, NY"
Verizon,https://www.timessquarenyc.org/sites/default/files/styles/location_teaser/public/Verizon_1-750-7th-Ave.-compressor.jpg?itok=de2MuEEF,sitesdefaultfilesstyleslocationteaserpublicverizon17507thave.compressor.jpg,"750 Seventh Ave, NY"
Verizon Wireless,https://www.timessquarenyc.org/sites/default/files/styles/location_teaser/public/Shopping_Verizon_Wireless_125W_42ST_1_DannyPerez.jpg?itok=K6oEVzOq,sitesdefaultfilesstyleslocationteaserpublicshoppingverizonwireless125w42st1dannyperez.jpg,"125 W 42nd St, NY"
Yankee Clubhouse Shop,https://www.timessquarenyc.org/sites/default/files/styles/location_teaser/public/Shopping_Yankees_Clubhouse_Shop_1_DannyPerez.jpg?itok=hEGeTAMW,sitesdefaultfilesstyleslocationteaserpublicshoppingyankeesclubhouseshop1dannyperez.jpg,"745 Seventh Ave, NY"
Yankee Clubhouse Shop,https://www.timessquarenyc.org/sites/default/files/styles/location_teaser/public/Shopping_Yankee-Clubhouse-Shop_245-W-42nd-St.jpg?itok=YlzTdn-w,sitesdefaultfilesstyleslocationteaserpublicshoppingyankeeclubhouseshop245w42ndst.jpg,"245 W 42nd St, NY"
